{"Test acc": 0.6916531604538088, "test avg acc": 0.5683313953488373, "best test acc": 0.6916531604538088, "_timestamp": 1683852866.798895, "_runtime": 10877.54899597168, "_step": 2, "_wandb": {"runtime": 13466}}