{"n_mix": 4, "_timestamp": 1683861149.3846085, "_runtime": 4802.881853580475, "_step": 47}