{"Test acc": 0.9141004862236629, "test avg acc": 0.8645755813953488, "best test acc": 0.9161264181523501, "_timestamp": 1683825384.0981715, "_runtime": 2864.5859744548798, "_step": 49, "_wandb": {"runtime": 2863}}