{"n_mix": 3, "_timestamp": 1683861260.7976308, "_runtime": 4105.67800784111, "_step": 27}