{"n_mix": 3, "_timestamp": 1683860968.6639879, "_runtime": 3813.544364929199, "_step": 25}