{"loss": 2.5473427772521973, "test_acc": 0.8683144246353323, "test_avg_acc": 0.8102732558139534, "best_test_acc": 0.8861426256077796, "_timestamp": 1683846649.0825572, "_runtime": 10847.343853235245, "_step": 199, "_wandb": {"runtime": 10846}}