{"Test acc": 0.9076175040518638, "test avg acc": 0.8645406976744188, "best test acc": 0.9185575364667747, "_timestamp": 1684032306.7966604, "_runtime": 190768.30299544334, "_step": 249}