{"Test acc": 0.9258508914100486, "test avg acc": 0.8993662790697673, "best test acc": 0.929902755267423, "_timestamp": 1684219477.4792635, "_runtime": 377938.98559856415, "_step": 499, "_wandb": {"runtime": 377938}}