{"Test acc": 0.8391410048622366, "test avg acc": 0.7956686046511627, "best test acc": 0.8561588330632091, "_timestamp": 1683860400.6552463, "_runtime": 18862.161581277847, "_step": 18}