{"loss": 2.0759639739990234, "test_acc": 0.8654781199351702, "test_avg_acc": 0.8005523255813953, "best_test_acc": 0.873581847649919, "epoch": 199, "_timestamp": 1683844746.3582287, "_runtime": 12162.486144781113, "_step": 199, "_wandb": {"runtime": 12162}}