{"Test acc": 0.8942463533225283, "test avg acc": 0.8678372093023257, "best test acc": 0.9157212317666127, "_timestamp": 1683856512.7619872, "_runtime": 24348.644265174866, "_step": 251, "_wandb": {"runtime": 24442}}