{"Test acc": 0.6231766612641815, "test avg acc": 0.47107558139534883, "best test acc": 0.6231766612641815, "_timestamp": 1683822237.8071518, "_runtime": 124.70508980751038, "_step": 1, "_wandb": {"runtime": 127}}