{"n_mix": 1, "_timestamp": 1683861184.7148473, "_runtime": 5007.994749307632, "_step": 49}