{"loss": 1.8594683408737183, "test_acc": 0.8440032414910859, "test_avg_acc": 0.7851686046511628, "best_test_acc": 0.8553484602917342, "_timestamp": 1683916058.8247824, "_runtime": 48479.39483141899, "_step": 91}