{"loss": 2.0341734886169434, "test_acc": 0.8525121555915721, "test_avg_acc": 0.793796511627907, "best_test_acc": 0.8553484602917342, "_timestamp": 1683915530.7108188, "_runtime": 47951.28086781502, "_step": 90}