{"n_mix": 2, "_timestamp": 1683855969.0732002, "_runtime": 124.39328622817993, "_step": 147, "_wandb": {"runtime": 124}}